ExportDate	StudioVersionRec	StudioProjectName	StudioTestName	ParticipantName	[Q01]Value	[Q02]Value	RecordingName	RecordingDate	RecordingDuration	RecordingResolution	PresentationSequence	FixationFilter	MediaName	MediaPosX (ADCSpx)	MediaPosY (ADCSpx)	MediaWidth	MediaHeight	RecordingTimestamp	LocalTimeStamp	EyeTrackerTimestamp	StudioEventIndex	StudioEvent	StudioEventData	FixationIndex	SaccadeIndex	GazeEventType	GazeEventDuration	FixationPointX (MCSpx)	FixationPointY (MCSpx)	SaccadicAmplitude	AbsoluteSaccadicDirection	RelativeSaccadicDirection	AOI[Screentitle 4]Hit	AOI[selection 13]Hit	AOI[title 13]Hit	AOI[text 13]Hit	AOI[arrowleft 13]Hit	AOI[pagecount 13]Hit	AOI[rating 13]Hit	AOI[likes 13]Hit	AOI[comments 13]Hit	AOI[idea 13]Hit	AOI[fullscreen 4]Hit	AOI[arrowright 13]Hit	AOI[date 13]Hit	AOI[date 14]Hit	AOI[likes 14]Hit	AOI[arrowleft 14]Hit	AOI[arrowright 14]Hit	AOI[selection 14]Hit	AOI[comments 14]Hit	AOI[pagecount 14]Hit	AOI[rating 14]Hit	AOI[text 14]Hit	AOI[title 14]Hit	AOI[idea 14]Hit	AOI[date 15]Hit	AOI[likes 15]Hit	AOI[arrowleft 15]Hit	AOI[arrowright 15]Hit	AOI[selection 15]Hit	AOI[comments 15]Hit	AOI[pagecount 15]Hit	AOI[rating 15]Hit	AOI[text 15]Hit	AOI[title 15]Hit	AOI[idea 15]Hit	AOI[date 16]Hit	AOI[likes 16]Hit	AOI[arrowleft 16]Hit	AOI[arrowright 16]Hit	AOI[selection 16]Hit	AOI[comments 16]Hit	AOI[pagecount 16]Hit	AOI[rating 16]Hit	AOI[text 16]Hit	AOI[title 16]Hit	AOI[idea 16]Hit	AOI[reviews 13]Hit	AOI[reviews 14]Hit	AOI[reviews 15]Hit	AOI[reviews 16]Hit	AOI[Screentitle 5]Hit	AOI[selection 17]Hit	AOI[title 17]Hit	AOI[text 17]Hit	AOI[arrowleft 17]Hit	AOI[pagecount 17]Hit	AOI[rating 17]Hit	AOI[likes 17]Hit	AOI[comments 17]Hit	AOI[idea 17]Hit	AOI[fullscreen 5]Hit	AOI[arrowright 17]Hit	AOI[date 17]Hit	AOI[date 18]Hit	AOI[likes 18]Hit	AOI[arrowleft 18]Hit	AOI[arrowright 18]Hit	AOI[selection 18]Hit	AOI[comments 18]Hit	AOI[pagecount 18]Hit	AOI[rating 18]Hit	AOI[text 18]Hit	AOI[title 18]Hit	AOI[idea 18]Hit	AOI[date 19]Hit	AOI[likes 19]Hit	AOI[arrowleft 19]Hit	AOI[arrowright 19]Hit	AOI[selection 19]Hit	AOI[comments 19]Hit	AOI[pagecount 19]Hit	AOI[rating 19]Hit	AOI[text 19]Hit	AOI[title 19]Hit	AOI[idea 19]Hit	AOI[date 20]Hit	AOI[likes 20]Hit	AOI[arrowleft 20]Hit	AOI[arrowright 20]Hit	AOI[selection 20]Hit	AOI[comments 20]Hit	AOI[pagecount 20]Hit	AOI[rating 20]Hit	AOI[text 20]Hit	AOI[title 20]Hit	AOI[idea 20]Hit	AOI[reviews 17]Hit	AOI[reviews 18]Hit	AOI[reviews 19]Hit	AOI[reviews 20]Hit	AOI[reviews 24]Hit	AOI[reviews 23]Hit	AOI[reviews 22]Hit	AOI[reviews 21]Hit	AOI[idea 24]Hit	AOI[title 24]Hit	AOI[text 24]Hit	AOI[rating 24]Hit	AOI[pagecount 24]Hit	AOI[comments 24]Hit	AOI[selection 24]Hit	AOI[arrowright 24]Hit	AOI[arrowleft 24]Hit	AOI[likes 24]Hit	AOI[date 24]Hit	AOI[idea 23]Hit	AOI[title 23]Hit	AOI[text 23]Hit	AOI[rating 23]Hit	AOI[pagecount 23]Hit	AOI[comments 23]Hit	AOI[selection 23]Hit	AOI[arrowright 23]Hit	AOI[arrowleft 23]Hit	AOI[likes 23]Hit	AOI[date 23]Hit	AOI[idea 22]Hit	AOI[title 22]Hit	AOI[text 22]Hit	AOI[rating 22]Hit	AOI[pagecount 22]Hit	AOI[comments 22]Hit	AOI[selection 22]Hit	AOI[arrowright 22]Hit	AOI[arrowleft 22]Hit	AOI[likes 22]Hit	AOI[date 22]Hit	AOI[date 21]Hit	AOI[arrowright 21]Hit	AOI[fullscreen 6]Hit	AOI[idea 21]Hit	AOI[comments 21]Hit	AOI[likes 21]Hit	AOI[rating 21]Hit	AOI[pagecount 21]Hit	AOI[arrowleft 21]Hit	AOI[text 21]Hit	AOI[title 21]Hit	AOI[selection 21]Hit	AOI[Screentitle 6]Hit	AOI[Screentitle 3]Hit	AOI[selection 9]Hit	AOI[title 9]Hit	AOI[text 9]Hit	AOI[arrowleft 9]Hit	AOI[pagecount 9]Hit	AOI[rating 9]Hit	AOI[likes 9]Hit	AOI[comments 9]Hit	AOI[idea 9]Hit	AOI[fullscreen 3]Hit	AOI[arrowright 9]Hit	AOI[date 9]Hit	AOI[date 10]Hit	AOI[likes 10]Hit	AOI[arrowleft 10]Hit	AOI[arrowright 10]Hit	AOI[selection 10]Hit	AOI[comments 10]Hit	AOI[pagecount 10]Hit	AOI[rating 10]Hit	AOI[text 10]Hit	AOI[title 10]Hit	AOI[idea 10]Hit	AOI[date 11]Hit	AOI[likes 11]Hit	AOI[arrowleft 11]Hit	AOI[arrowright 11]Hit	AOI[selection 11]Hit	AOI[comments 11]Hit	AOI[pagecount 11]Hit	AOI[rating 11]Hit	AOI[text 11]Hit	AOI[title 11]Hit	AOI[idea 11]Hit	AOI[date 12]Hit	AOI[likes 12]Hit	AOI[arrowleft 12]Hit	AOI[arrowright 12]Hit	AOI[selection 12]Hit	AOI[comments 12]Hit	AOI[pagecount 12]Hit	AOI[rating 12]Hit	AOI[text 12]Hit	AOI[title 12]Hit	AOI[idea 12]Hit	AOI[reviews 9]Hit	AOI[reviews 10]Hit	AOI[reviews 11]Hit	AOI[reviews 12]Hit	AOI[Screentitle]Hit	AOI[selection]Hit	AOI[title]Hit	AOI[text]Hit	AOI[arrowleft]Hit	AOI[pagecount]Hit	AOI[rating]Hit	AOI[likes]Hit	AOI[comments]Hit	AOI[idea]Hit	AOI[fullscreen]Hit	AOI[arrowright]Hit	AOI[date]Hit	AOI[date 2]Hit	AOI[likes 2]Hit	AOI[arrowleft 2]Hit	AOI[arrowright 2]Hit	AOI[selection 2]Hit	AOI[comments 2]Hit	AOI[pagecount 2]Hit	AOI[rating 2]Hit	AOI[text 2]Hit	AOI[title 2]Hit	AOI[idea 2]Hit	AOI[date 3]Hit	AOI[likes 3]Hit	AOI[arrowleft 3]Hit	AOI[arrowright 3]Hit	AOI[selection 3]Hit	AOI[comments 3]Hit	AOI[pagecount 3]Hit	AOI[rating 3]Hit	AOI[text 3]Hit	AOI[title 3]Hit	AOI[idea 3]Hit	AOI[date 4]Hit	AOI[likes 4]Hit	AOI[arrowleft 4]Hit	AOI[arrowright 4]Hit	AOI[selection 4]Hit	AOI[comments 4]Hit	AOI[pagecount 4]Hit	AOI[rating 4]Hit	AOI[text 4]Hit	AOI[title 4]Hit	AOI[idea 4]Hit	AOI[reviews]Hit	AOI[reviews 2]Hit	AOI[reviews 3]Hit	AOI[reviews 4]Hit	AOI[reviews 28]Hit	AOI[reviews 29]Hit	AOI[reviews 30]Hit	AOI[reviews 31]Hit	AOI[idea 28]Hit	AOI[title 28]Hit	AOI[text 28]Hit	AOI[rating 28]Hit	AOI[pagecount 28]Hit	AOI[comments 28]Hit	AOI[selection 28]Hit	AOI[arrowright 28]Hit	AOI[arrowleft 28]Hit	AOI[likes 28]Hit	AOI[date 28]Hit	AOI[idea 29]Hit	AOI[title 29]Hit	AOI[text 29]Hit	AOI[rating 29]Hit	AOI[pagecount 29]Hit	AOI[comments 29]Hit	AOI[selection 29]Hit	AOI[arrowright 29]Hit	AOI[arrowleft 29]Hit	AOI[likes 29]Hit	AOI[date 29]Hit	AOI[idea 30]Hit	AOI[title 30]Hit	AOI[text 30]Hit	AOI[rating 30]Hit	AOI[pagecount 30]Hit	AOI[comments 30]Hit	AOI[selection 30]Hit	AOI[arrowright 30]Hit	AOI[arrowleft 30]Hit	AOI[likes 30]Hit	AOI[date 30]Hit	AOI[date 31]Hit	AOI[arrowright 31]Hit	AOI[fullscreen 7]Hit	AOI[idea 31]Hit	AOI[comments 31]Hit	AOI[likes 31]Hit	AOI[rating 31]Hit	AOI[pagecount 31]Hit	AOI[arrowleft 31]Hit	AOI[text 31]Hit	AOI[title 31]Hit	AOI[selection 31]Hit	AOI[Screentitle 7]Hit	AOI[Screentitle 2]Hit	AOI[selection 5]Hit	AOI[title 5]Hit	AOI[text 5]Hit	AOI[arrowleft 5]Hit	AOI[pagecount 5]Hit	AOI[rating 5]Hit	AOI[likes 5]Hit	AOI[comments 5]Hit	AOI[idea 5]Hit	AOI[fullscreen 2]Hit	AOI[arrowright 5]Hit	AOI[date 5]Hit	AOI[date 6]Hit	AOI[likes 6]Hit	AOI[arrowleft 6]Hit	AOI[arrowright 6]Hit	AOI[selection 6]Hit	AOI[comments 6]Hit	AOI[pagecount 6]Hit	AOI[rating 6]Hit	AOI[text 6]Hit	AOI[title 6]Hit	AOI[idea 6]Hit	AOI[date 7]Hit	AOI[likes 7]Hit	AOI[arrowleft 7]Hit	AOI[arrowright 7]Hit	AOI[selection 7]Hit	AOI[comments 7]Hit	AOI[pagecount 7]Hit	AOI[rating 7]Hit	AOI[text 7]Hit	AOI[title 7]Hit	AOI[idea 7]Hit	AOI[date 8]Hit	AOI[likes 8]Hit	AOI[arrowleft 8]Hit	AOI[arrowright 8]Hit	AOI[selection 8]Hit	AOI[comments 8]Hit	AOI[pagecount 8]Hit	AOI[rating 8]Hit	AOI[text 8]Hit	AOI[title 8]Hit	AOI[idea 8]Hit	AOI[reviews 5]Hit	AOI[reviews 6]Hit	AOI[reviews 7]Hit	AOI[reviews 8]Hit	AOI[reviews 32]Hit	AOI[reviews 33]Hit	AOI[reviews 34]Hit	AOI[reviews 35]Hit	AOI[idea 32]Hit	AOI[title 32]Hit	AOI[text 32]Hit	AOI[rating 32]Hit	AOI[pagecount 32]Hit	AOI[comments 32]Hit	AOI[selection 32]Hit	AOI[arrowright 32]Hit	AOI[arrowleft 32]Hit	AOI[likes 32]Hit	AOI[date 32]Hit	AOI[idea 33]Hit	AOI[title 33]Hit	AOI[text 33]Hit	AOI[rating 33]Hit	AOI[pagecount 33]Hit	AOI[comments 33]Hit	AOI[selection 33]Hit	AOI[arrowright 33]Hit	AOI[arrowleft 33]Hit	AOI[likes 33]Hit	AOI[date 33]Hit	AOI[idea 34]Hit	AOI[title 34]Hit	AOI[text 34]Hit	AOI[rating 34]Hit	AOI[pagecount 34]Hit	AOI[comments 34]Hit	AOI[selection 34]Hit	AOI[arrowright 34]Hit	AOI[arrowleft 34]Hit	AOI[likes 34]Hit	AOI[date 34]Hit	AOI[date 35]Hit	AOI[arrowright 35]Hit	AOI[fullscreen 8]Hit	AOI[idea 35]Hit	AOI[comments 35]Hit	AOI[likes 35]Hit	AOI[rating 35]Hit	AOI[pagecount 35]Hit	AOI[arrowleft 35]Hit	AOI[text 35]Hit	AOI[title 35]Hit	AOI[selection 35]Hit	AOI[Screentitle 8]Hit	GazePointIndex	PupilLeft	PupilRight	
01-12-2017	3.4.8	IdeaReductionThesis 1	Participant05	Par05	Alert	Alert	SQ05_Rec 01	10-11-2017	1867724	1920 x 1080	SQ05	I-VT filter	http://127.0.0.1:32771/09.01.19/screen3.html (CRC)	2	2	1920	1080	445310	12:30:20.806	1510313533685928				1		Fixation	573	595	268																																																																																																																																																										0	0	0	1	0	0	0	0	0	1	1	0	0	0	0	0	0	0	0	0	0	0	0	0	0	0	0	0	0	0	0	0	0	0	0	0	0	0	0	0	0	0	0	0	0	0	0	0	0	0																																																																																																																																																																																																									1	3,86	3,77	
01-12-2017	3.4.8	IdeaReductionThesis 1	Participant05	Par05	Alert	Alert	SQ05_Rec 01	10-11-2017	1867724	1920 x 1080	SQ05	I-VT filter	http://127.0.0.1:32771/09.01.19/screen3.html (CRC)	2	2	1920	1080	445687	12:30:21.183	1510313534062647				2		Fixation	240	310	171	7,95	161,15																																																																																																																																																								0	0	1	0	0	0	0	0	0	1	1	0	0	0	0	0	0	0	0	0	0	0	0	0	0	0	0	0	0	0	0	0	0	0	0	0	0	0	0	0	0	0	0	0	0	0	0	0	0	0																																																																																																																																																																																																									114	3,69	3,64	
01-12-2017	3.4.8	IdeaReductionThesis 1	Participant05	Par05	Alert	Alert	SQ05_Rec 01	10-11-2017	1867724	1920 x 1080	SQ05	I-VT filter	http://127.0.0.1:32771/09.01.19/screen3.html (CRC)	2	2	1920	1080	446033	12:30:21.529	1510313534409270				3		Fixation	287	734	125	11,37	6,21	205,06																																																																																																																																																							0	0	1	0	0	0	0	0	0	1	1	0	0	0	0	0	0	0	0	0	0	0	0	0	0	0	0	0	0	0	0	0	0	0	0	0	0	0	0	0	0	0	0	0	0	0	0	0	0	0																																																																																																																																																																																																									218	3,63	3,52	
01-12-2017	3.4.8	IdeaReductionThesis 1	Participant05	Par05	Alert	Alert	SQ05_Rec 01	10-11-2017	1867724	1920 x 1080	SQ05	I-VT filter	http://127.0.0.1:32771/09.01.19/screen3.html (CRC)	2	2	1920	1080	446373	12:30:21.869	1510313534749232				4		Fixation	77	347	119	10,36	179,11	172,90																																																																																																																																																							0	0	1	0	0	0	0	0	0	1	1	0	0	0	0	0	0	0	0	0	0	0	0	0	0	0	0	0	0	0	0	0	0	0	0	0	0	0	0	0	0	0	0	0	0	0	0	0	0	0																																																																																																																																																																																																									320	3,65	3,63	
01-12-2017	3.4.8	IdeaReductionThesis 1	Participant05	Par05	Alert	Alert	SQ05_Rec 01	10-11-2017	1867724	1920 x 1080	SQ05	I-VT filter	http://127.0.0.1:32771/09.01.19/screen3.html (CRC)	2	2	1920	1080	446833	12:30:22.329	1510313535209163				5		Fixation	560	571	508	12,15	299,86	120,75																																																																																																																																																							0	0	0	0	0	0	0	0	0	1	1	0	0	0	0	0	0	0	0	0	0	0	0	0	0	0	0	0	0	0	0	0	0	0	0	0	0	0	0	0	0	0	0	0	0	0	1	0	0	0																																																																																																																																																																																																									458	3,74	3,73	
01-12-2017	3.4.8	IdeaReductionThesis 1	Participant05	Par05	Alert	Alert	SQ05_Rec 01	10-11-2017	1867724	1920 x 1080	SQ05	I-VT filter	http://127.0.0.1:32771/09.01.19/screen3.html (CRC)	2	2	1920	1080	447430	12:30:22.926	1510313535805636				6		Fixation	233	744	560	4,91	343,22	43,36																																																																																																																																																							0	0	0	0	0	0	0	0	0	0	1	0	0	0	0	0	0	0	0	0	0	0	0	0	0	0	0	0	0	0	0	0	0	0	1	0	0	0	0	0	0	0	0	0	0	0	0	0	0	0																																																																																																																																																																																																									637	3,64	3,64	
01-12-2017	3.4.8	IdeaReductionThesis 1	Participant05	Par05	Alert	Alert	SQ05_Rec 01	10-11-2017	1867724	1920 x 1080	SQ05	I-VT filter	http://127.0.0.1:32771/09.01.19/screen3.html (CRC)	2	2	1920	1080	447853	12:30:23.349	1510313536229008				7		Fixation	193	324	158	15,62	136,16	152,94																																																																																																																																																							0	0	1	0	0	0	0	0	0	1	1	0	0	0	0	0	0	0	0	0	0	0	0	0	0	0	0	0	0	0	0	0	0	0	0	0	0	0	0	0	0	0	0	0	0	0	0	0	0	0																																																																																																																																																																																																									764	3,51	3,52	
01-12-2017	3.4.8	IdeaReductionThesis 1	Participant05	Par05	Alert	Alert	SQ05_Rec 01	10-11-2017	1867724	1920 x 1080	SQ05	I-VT filter	http://127.0.0.1:32771/09.01.19/screen3.html (CRC)	2	2	1920	1080	448090	12:30:23.586	1510313536465506				8		Fixation	220	698	166	9,96	358,77	222,61																																																																																																																																																							0	0	1	0	0	0	0	0	0	1	1	0	0	0	0	0	0	0	0	0	0	0	0	0	0	0	0	0	0	0	0	0	0	0	0	0	0	0	0	0	0	0	0	0	0	0	0	0	0	0																																																																																																																																																																																																									835	3,50	3,45	
01-12-2017	3.4.8	IdeaReductionThesis 1	Participant05	Par05	Alert	Alert	SQ05_Rec 01	10-11-2017	1867724	1920 x 1080	SQ05	I-VT filter	http://127.0.0.1:32771/09.01.19/screen3.html (CRC)	2	2	1920	1080	448333	12:30:23.829	1510313536708936				9		Fixation	123	643	167	1,50	181,05	182,27																																																																																																																																																							0	0	1	0	0	0	0	0	0	1	1	0	0	0	0	0	0	0	0	0	0	0	0	0	0	0	0	0	0	0	0	0	0	0	0	0	0	0	0	0	0	0	0	0	0	0	0	0	0	0																																																																																																																																																																																																									908	3,59	3,55	
01-12-2017	3.4.8	IdeaReductionThesis 1	Participant05	Par05	Alert	Alert	SQ05_Rec 01	10-11-2017	1867724	1920 x 1080	SQ05	I-VT filter	http://127.0.0.1:32771/09.01.19/screen3.html (CRC)	2	2	1920	1080	448500	12:30:23.996	1510313536875578				10		Fixation	173	285	154	9,48	177,91	356,87																																																																																																																																																							0	0	1	0	0	0	0	0	0	1	1	0	0	0	0	0	0	0	0	0	0	0	0	0	0	0	0	0	0	0	0	0	0	0	0	0	0	0	0	0	0	0	0	0	0	0	0	0	0	0																																																																																																																																																																																																									958	3,66	3,58	
01-12-2017	3.4.8	IdeaReductionThesis 1	Participant05	Par05	Alert	Alert	SQ05_Rec 01	10-11-2017	1867724	1920 x 1080	SQ05	I-VT filter	http://127.0.0.1:32771/09.01.19/screen3.html (CRC)	2	2	1920	1080	448689	12:30:24.186	1510313537065443				11		Fixation	187	262	164	0,65	203,57	25,65																																																																																																																																																							0	0	1	0	0	0	0	0	0	1	1	0	0	0	0	0	0	0	0	0	0	0	0	0	0	0	0	0	0	0	0	0	0	0	0	0	0	0	0	0	0	0	0	0	0	0	0	0	0	0																																																																																																																																																																																																									1015	3,61	3,59	
01-12-2017	3.4.8	IdeaReductionThesis 1	Participant05	Par05	Alert	Alert	SQ05_Rec 01	10-11-2017	1867724	1920 x 1080	SQ05	I-VT filter	http://127.0.0.1:32771/09.01.19/screen3.html (CRC)	2	2	1920	1080	448906	12:30:24.402	1510313537282202				12		Fixation	127	420	153	4,11	4,00	160,43																																																																																																																																																							0	0	1	0	0	0	0	0	0	1	1	0	0	0	0	0	0	0	0	0	0	0	0	0	0	0	0	0	0	0	0	0	0	0	0	0	0	0	0	0	0	0	0	0	0	0	0	0	0	0																																																																																																																																																																																																									1080	3,64	3,57	
01-12-2017	3.4.8	IdeaReductionThesis 1	Participant05	Par05	Alert	Alert	SQ05_Rec 01	10-11-2017	1867724	1920 x 1080	SQ05	I-VT filter	http://127.0.0.1:32771/09.01.19/screen3.html (CRC)	2	2	1920	1080	449086	12:30:24.582	1510313537462159				13		Fixation	150	921	184	13,62	356,45	352,45																																																																																																																																																							0	0	0	0	0	0	0	0	0	0	1	0	0	0	0	0	0	0	0	0	0	0	1	1	0	0	0	0	0	0	0	0	0	0	0	0	0	0	0	0	0	0	0	0	0	0	0	0	0	0																																																																																																																																																																																																									1134	3,66	3,58	
01-12-2017	3.4.8	IdeaReductionThesis 1	Participant05	Par05	Alert	Alert	SQ05_Rec 01	10-11-2017	1867724	1920 x 1080	SQ05	I-VT filter	http://127.0.0.1:32771/09.01.19/screen3.html (CRC)	2	2	1920	1080	449266	12:30:24.762	1510313537642128				14		Fixation	207	1043	179	3,35	2,35	5,91																																																																																																																																																							0	0	0	0	0	0	0	0	0	0	1	0	0	0	0	0	0	0	0	0	0	0	1	1	0	0	0	0	0	0	0	0	0	0	0	0	0	0	0	0	0	0	0	0	0	0	0	0	0	0																																																																																																																																																																																																									1188	3,63	3,58	
01-12-2017	3.4.8	IdeaReductionThesis 1	Participant05	Par05	Alert	Alert	SQ05_Rec 01	10-11-2017	1867724	1920 x 1080	SQ05	I-VT filter	http://127.0.0.1:32771/09.01.19/screen3.html (CRC)	2	2	1920	1080	449503	12:30:24.999	1510313537878622				15		Fixation	257	919	173	3,41	177,22	174,87																																																																																																																																																							0	0	0	0	0	0	0	0	0	0	1	0	0	0	0	0	0	0	0	0	0	0	1	1	0	0	0	0	0	0	0	0	0	0	0	0	0	0	0	0	0	0	0	0	0	0	0	0	0	0																																																																																																																																																																																																									1259	3,61	3,58	
01-12-2017	3.4.8	IdeaReductionThesis 1	Participant05	Par05	Alert	Alert	SQ05_Rec 01	10-11-2017	1867724	1920 x 1080	SQ05	I-VT filter	http://127.0.0.1:32771/09.01.19/screen3.html (CRC)	2	2	1920	1080	449813	12:30:25.309	1510313538188716				16		Fixation	113	917	587	11,49	269,72	92,50																																																																																																																																																							0	0	0	0	0	0	0	0	0	0	1	0	0	0	0	0	0	0	0	0	0	0	0	0	0	0	0	0	0	0	0	0	0	0	0	0	0	0	0	1	0	0	0	0	0	1	0	0	0	0																																																																																																																																																																																																									1352	3,53	3,54	
01-12-2017	3.4.8	IdeaReductionThesis 1	Participant05	Par05	Alert	Alert	SQ05_Rec 01	10-11-2017	1867724	1920 x 1080	SQ05	I-VT filter	http://127.0.0.1:32771/09.01.19/screen3.html (CRC)	2	2	1920	1080	449959	12:30:25.455	1510313538335357				17		Fixation	237	938	641	1,61	291,19	21,46																																																																																																																																																							0	0	0	0	0	0	0	0	0	0	1	0	0	0	0	0	0	0	0	0	0	0	0	0	0	0	0	0	0	0	0	0	0	0	0	0	0	0	0	0	0	0	0	0	1	1	0	0	0	0																																																																																																																																																																																																									1396	3,45	3,50	
01-12-2017	3.4.8	IdeaReductionThesis 1	Participant05	Par05	Alert	Alert	SQ05_Rec 01	10-11-2017	1867724	1920 x 1080	SQ05	I-VT filter	http://127.0.0.1:32771/09.01.19/screen3.html (CRC)	2	2	1920	1080	450253	12:30:25.749	1510313538628654				18		Fixation	180	549	633	10,64	178,82	247,63																																																																																																																																																							0	0	0	0	0	0	0	0	0	0	1	0	0	0	0	0	0	0	0	0	0	0	0	0	0	0	0	0	0	0	0	0	0	1	1	0	0	0	0	0	0	0	0	0	0	0	0	0	0	0																																																																																																																																																																																																									1484	3,46	3,45	
01-12-2017	3.4.8	IdeaReductionThesis 1	Participant05	Par05	Alert	Alert	SQ05_Rec 01	10-11-2017	1867724	1920 x 1080	SQ05	I-VT filter	http://127.0.0.1:32771/09.01.19/screen3.html (CRC)	2	2	1920	1080	450479	12:30:25.975	1510313538855275				19		Fixation	413	285	628	6,91	178,91	0,09																																																																																																																																																							0	0	0	0	0	0	0	0	0	0	1	0	0	0	0	0	0	0	0	0	0	0	0	0	0	0	0	0	0	0	0	0	0	1	1	0	0	0	0	0	0	0	0	0	0	0	0	0	0	0																																																																																																																																																																																																									1552	3,36	3,39	
01-12-2017	3.4.8	IdeaReductionThesis 1	Participant05	Par05	Alert	Alert	SQ05_Rec 01	10-11-2017	1867724	1920 x 1080	SQ05	I-VT filter	http://127.0.0.1:32771/09.01.19/screen3.html (CRC)	2	2	1920	1080	451426	12:30:26.922	1510313539801818				20		Fixation	97	232	207	11,56	97,15	278,24																																																																																																																																																							0	0	0	0	0	0	0	0	0	1	1	0	0	0	0	0	0	0	0	0	0	0	0	0	0	0	0	0	0	0	0	0	0	0	0	0	0	0	0	0	0	0	0	0	0	0	0	0	0	0																																																																																																																																																																																																									1836	3,36	3,43	
01-12-2017	3.4.8	IdeaReductionThesis 1	Participant05	Par05	Alert	Alert	SQ05_Rec 01	10-11-2017	1867724	1920 x 1080	SQ05	I-VT filter	http://127.0.0.1:32771/09.01.19/screen3.html (CRC)	2	2	1920	1080	451556	12:30:27.052	1510313539931784				21		Fixation	243	395	174	4,43	11,48	274,33																																																																																																																																																							0	0	1	0	0	0	0	0	0	1	1	0	0	0	0	0	0	0	0	0	0	0	0	0	0	0	0	0	0	0	0	0	0	0	0	0	0	0	0	0	0	0	0	0	0	0	0	0	0	0																																																																																																																																																																																																									1875	3,44	3,39	
01-12-2017	3.4.8	IdeaReductionThesis 1	Participant05	Par05	Alert	Alert	SQ05_Rec 01	10-11-2017	1867724	1920 x 1080	SQ05	I-VT filter	http://127.0.0.1:32771/09.01.19/screen3.html (CRC)	2	2	1920	1080	451866	12:30:27.362	1510313540241752				22		Fixation	73	265	196	3,52	189,64	178,15																																																																																																																																																							0	0	1	0	0	0	0	0	0	1	1	0	0	0	0	0	0	0	0	0	0	0	0	0	0	0	0	0	0	0	0	0	0	0	0	0	0	0	0	0	0	0	0	0	0	0	0	0	0	0																																																																																																																																																																																																									1968	3,29	3,39	
01-12-2017	3.4.8	IdeaReductionThesis 1	Participant05	Par05	Alert	Alert	SQ05_Rec 01	10-11-2017	1867724	1920 x 1080	SQ05	I-VT filter	http://127.0.0.1:32771/09.01.19/screen3.html (CRC)	2	2	1920	1080	451959	12:30:27.455	1510313540335066				23		Fixation	263	245	189	0,55	160,65	331,02																																																																																																																																																							0	0	1	0	0	0	0	0	0	1	1	0	0	0	0	0	0	0	0	0	0	0	0	0	0	0	0	0	0	0	0	0	0	0	0	0	0	0	0	0	0	0	0	0	0	0	0	0	0	0																																																																																																																																																																																																									1996	3,34	3,41	
01-12-2017	3.4.8	IdeaReductionThesis 1	Participant05	Par05	Alert	Alert	SQ05_Rec 01	10-11-2017	1867724	1920 x 1080	SQ05	I-VT filter	http://127.0.0.1:32771/09.01.19/screen3.html (CRC)	2	2	1920	1080	452252	12:30:27.749	1510313540628348				24		Fixation	167	381	176	3,59	5,48	204,83																																																																																																																																																							0	0	1	0	0	0	0	0	0	1	1	0	0	0	0	0	0	0	0	0	0	0	0	0	0	0	0	0	0	0	0	0	0	0	0	0	0	0	0	0	0	0	0	0	0	0	0	0	0	0																																																																																																																																																																																																									2084	3,47	3,43	
01-12-2017	3.4.8	IdeaReductionThesis 1	Participant05	Par05	Alert	Alert	SQ05_Rec 01	10-11-2017	1867724	1920 x 1080	SQ05	I-VT filter	http://127.0.0.1:32771/09.01.19/screen3.html (CRC)	2	2	1920	1080	452439	12:30:27.935	1510313540814987				25		Fixation	187	441	173	1,58	2,87	357,39																																																																																																																																																							0	0	1	0	0	0	0	0	0	1	1	0	0	0	0	0	0	0	0	0	0	0	0	0	0	0	0	0	0	0	0	0	0	0	0	0	0	0	0	0	0	0	0	0	0	0	0	0	0	0																																																																																																																																																																																																									2140	3,50	3,44	
01-12-2017	3.4.8	IdeaReductionThesis 1	Participant05	Par05	Alert	Alert	SQ05_Rec 01	10-11-2017	1867724	1920 x 1080	SQ05	I-VT filter	http://127.0.0.1:32771/09.01.19/screen3.html (CRC)	2	2	1920	1080	452662	12:30:28.158	1510313541038296				26		Fixation	183	619	166	4,75	2,26	359,39																																																																																																																																																							0	0	1	0	0	0	0	0	0	1	1	0	0	0	0	0	0	0	0	0	0	0	0	0	0	0	0	0	0	0	0	0	0	0	0	0	0	0	0	0	0	0	0	0	0	0	0	0	0	0																																																																																																																																																																																																									2207	3,54	3,45	
01-12-2017	3.4.8	IdeaReductionThesis 1	Participant05	Par05	Alert	Alert	SQ05_Rec 01	10-11-2017	1867724	1920 x 1080	SQ05	I-VT filter	http://127.0.0.1:32771/09.01.19/screen3.html (CRC)	2	2	1920	1080	452872	12:30:28.368	1510313541248259				27		Fixation	277	698	170	2,13	357,09	354,83																																																																																																																																																							0	0	1	0	0	0	0	0	0	1	1	0	0	0	0	0	0	0	0	0	0	0	0	0	0	0	0	0	0	0	0	0	0	0	0	0	0	0	0	0	0	0	0	0	0	0	0	0	0	0																																																																																																																																																																																																									2270	3,51	3,45	
01-12-2017	3.4.8	IdeaReductionThesis 1	Participant05	Par05	Alert	Alert	SQ05_Rec 01	10-11-2017	1867724	1920 x 1080	SQ05	I-VT filter	http://127.0.0.1:32771/09.01.19/screen3.html (CRC)	2	2	1920	1080	453199	12:30:28.695	1510313541574874				28		Fixation	293	240	235	12,32	188,10	191,01																																																																																																																																																							0	0	0	1	0	0	0	0	0	1	1	0	0	0	0	0	0	0	0	0	0	0	0	0	0	0	0	0	0	0	0	0	0	0	0	0	0	0	0	0	0	0	0	0	0	0	0	0	0	0																																																																																																																																																																																																									2368	3,33	3,45	
01-12-2017	3.4.8	IdeaReductionThesis 1	Participant05	Par05	Alert	Alert	SQ05_Rec 01	10-11-2017	1867724	1920 x 1080	SQ05	I-VT filter	http://127.0.0.1:32771/09.01.19/screen3.html (CRC)	2	2	1920	1080	453496	12:30:28.992	1510313541871484				29		Fixation	127	245	214	0,58	76,65	248,55																																																																																																																																																							0	0	0	0	0	0	0	0	0	1	1	0	0	0	0	0	0	0	0	0	0	0	0	0	0	0	0	0	0	0	0	0	0	0	0	0	0	0	0	0	0	0	0	0	0	0	0	0	0	0																																																																																																																																																																																																									2457	3,41	3,47	
01-12-2017	3.4.8	IdeaReductionThesis 1	Participant05	Par05	Alert	Alert	SQ05_Rec 01	10-11-2017	1867724	1920 x 1080	SQ05	I-VT filter	http://127.0.0.1:32771/09.01.19/screen3.html (CRC)	2	2	1920	1080	453639	12:30:29.135	1510313542014813				30		Fixation	340	222	203	0,66	154,37	77,72																																																																																																																																																							0	0	1	0	0	0	0	0	0	1	1	0	0	0	0	0	0	0	0	0	0	0	0	0	0	0	0	0	0	0	0	0	0	0	0	0	0	0	0	0	0	0	0	0	0	0	0	0	0	0																																																																																																																																																																																																									2500	3,43	3,48	
01-12-2017	3.4.8	IdeaReductionThesis 1	Participant05	Par05	Alert	Alert	SQ05_Rec 01	10-11-2017	1867724	1920 x 1080	SQ05	I-VT filter	http://127.0.0.1:32771/09.01.19/screen3.html (CRC)	2	2	1920	1080	454056	12:30:29.552	1510313542431430				31		Fixation	530	908	175	18,77	2,34	207,98																																																																																																																																																							0	0	0	0	0	0	0	0	0	0	1	0	0	0	0	0	0	0	0	0	0	0	1	1	0	0	0	0	0	0	0	0	0	0	0	0	0	0	0	0	0	0	0	0	0	0	0	0	0	0																																																																																																																																																																																																									2625	3,58	3,51	
01-12-2017	3.4.8	IdeaReductionThesis 1	Participant05	Par05	Alert	Alert	SQ05_Rec 01	10-11-2017	1867724	1920 x 1080	SQ05	I-VT filter	http://127.0.0.1:32771/09.01.19/screen3.html (CRC)	2	2	1920	1080	454615	12:30:30.112	1510313542991343				32		Fixation	303	1007	174	2,76	0,58	358,24																																																																																																																																																							0	0	0	0	0	0	0	0	0	0	1	0	0	0	0	0	0	0	0	0	0	0	1	1	0	0	0	0	0	0	0	0	0	0	0	0	0	0	0	0	0	0	0	0	0	0	0	0	0	0																																																																																																																																																																																																									2793	3,38	3,36	
01-12-2017	3.4.8	IdeaReductionThesis 1	Participant05	Par05	Alert	Alert	SQ05_Rec 01	10-11-2017	1867724	1920 x 1080	SQ05	I-VT filter	http://127.0.0.1:32771/09.01.19/screen3.html (CRC)	2	2	1920	1080	454945	12:30:30.442	1510313543321282				33		Fixation	220	1084	178	2,14	357,02	356,44																																																																																																																																																							0	0	0	0	0	0	0	0	0	0	1	0	0	0	0	0	0	0	0	0	0	0	1	1	0	0	0	0	0	0	0	0	0	0	0	0	0	0	0	0	0	0	0	0	0	0	0	0	0	0																																																																																																																																																																																																									2892	3,30	3,29	
01-12-2017	3.4.8	IdeaReductionThesis 1	Participant05	Par05	Alert	Alert	SQ05_Rec 01	10-11-2017	1867724	1920 x 1080	SQ05	I-VT filter	http://127.0.0.1:32771/09.01.19/screen3.html (CRC)	2	2	1920	1080	455219	12:30:30.715	1510313543594581				34		Fixation	277	934	574	11,80	249,31	252,30																																																																																																																																																							0	0	0	0	0	0	0	0	0	0	1	0	0	0	0	0	0	0	0	0	0	0	0	0	0	0	0	0	0	0	0	0	0	0	0	0	0	0	0	0	0	0	0	0	0	1	0	0	0	0																																																																																																																																																																																																									2974	3,31	3,28	
01-12-2017	3.4.8	IdeaReductionThesis 1	Participant05	Par05	Alert	Alert	SQ05_Rec 01	10-11-2017	1867724	1920 x 1080	SQ05	I-VT filter	http://127.0.0.1:32771/09.01.19/screen3.html (CRC)	2	2	1920	1080	455539	12:30:31.035	1510313543914529				35		Fixation	83	897	379	5,53	100,71	211,40																																																																																																																																																							0	0	0	0	0	0	0	0	0	0	1	0	0	0	0	0	0	0	0	0	0	1	0	1	0	0	0	0	0	0	0	0	0	0	0	0	0	0	0	0	0	0	0	0	0	0	0	0	0	0																																																																																																																																																																																																									3070	3,38	3,31	
01-12-2017	3.4.8	IdeaReductionThesis 1	Participant05	Par05	Alert	Alert	SQ05_Rec 01	10-11-2017	1867724	1920 x 1080	SQ05	I-VT filter	http://127.0.0.1:32771/09.01.19/screen3.html (CRC)	2	2	1920	1080	455665	12:30:31.161	1510313544041191				36		Fixation	160	895	613	6,51	269,51	168,80																																																																																																																																																							0	0	0	0	0	0	0	0	0	0	1	0	0	0	0	0	0	0	0	0	0	0	0	0	0	0	0	0	0	0	0	0	0	0	0	0	0	0	0	0	0	0	0	0	1	1	0	0	0	0																																																																																																																																																																																																									3108	3,38	3,37	
01-12-2017	3.4.8	IdeaReductionThesis 1	Participant05	Par05	Alert	Alert	SQ05_Rec 01	10-11-2017	1867724	1920 x 1080	SQ05	I-VT filter	http://127.0.0.1:32771/09.01.19/screen3.html (CRC)	2	2	1920	1080	455835	12:30:31.331	1510313544211152				37		Fixation	153	903	642	0,83	285,37	15,86																																																																																																																																																							0	0	0	0	0	0	0	0	0	0	1	0	0	0	0	0	0	0	0	0	0	0	0	0	0	0	0	0	0	0	0	0	0	0	0	0	0	0	0	0	0	0	0	0	1	1	0	0	0	0																																																																																																																																																																																																									3159	3,33	3,29	
01-12-2017	3.4.8	IdeaReductionThesis 1	Participant05	Par05	Alert	Alert	SQ05_Rec 01	10-11-2017	1867724	1920 x 1080	SQ05	I-VT filter	http://127.0.0.1:32771/09.01.19/screen3.html (CRC)	2	2	1920	1080	456015	12:30:31.511	1510313544391125				38		Fixation	340	1001	647	2,71	357,07	71,70																																																																																																																																																							0	0	0	0	0	0	0	0	0	0	1	0	0	0	0	0	0	0	0	0	0	0	0	0	0	0	0	0	0	0	0	0	0	0	0	0	0	0	0	0	0	0	0	0	1	1	0	0	0	0																																																																																																																																																																																																									3213	3,34	3,29	
01-12-2017	3.4.8	IdeaReductionThesis 1	Participant05	Par05	Alert	Alert	SQ05_Rec 01	10-11-2017	1867724	1920 x 1080	SQ05	I-VT filter	http://127.0.0.1:32771/09.01.19/screen3.html (CRC)	2	2	1920	1080	456385	12:30:31.881	1510313544761075				39		Fixation	230	1126	639	3,46	3,67	6,60																																																																																																																																																							0	0	0	0	0	0	0	0	0	0	1	0	0	0	0	0	0	0	0	0	0	0	0	0	0	0	0	0	0	0	0	0	0	0	0	0	0	0	0	0	0	0	0	0	1	1	0	0	0	0																																																																																																																																																																																																									3324	3,23	3,19	
01-12-2017	3.4.8	IdeaReductionThesis 1	Participant05	Par05	Alert	Alert	SQ05_Rec 01	10-11-2017	1867724	1920 x 1080	SQ05	I-VT filter	http://127.0.0.1:32771/09.01.19/screen3.html (CRC)	2	2	1920	1080	456652	12:30:32.148	1510313545027710				40		Fixation	267	919	757	6,58	209,76	206,09																																																																																																																																																							0	0	0	0	0	0	0	0	0	0	1	0	0	0	0	0	0	0	0	0	0	0	0	0	0	0	0	0	0	0	0	0	0	0	0	0	0	0	0	0	0	0	0	1	0	1	0	0	0	0																																																																																																																																																																																																									3404	3,20	3,16	
01-12-2017	3.4.8	IdeaReductionThesis 1	Participant05	Par05	Alert	Alert	SQ05_Rec 01	10-11-2017	1867724	1920 x 1080	SQ05	I-VT filter	http://127.0.0.1:32771/09.01.19/screen3.html (CRC)	2	2	1920	1080	456959	12:30:32.455	1510313545334324				41		Fixation	90	846	664	3,25	128,04	278,28																																																																																																																																																							0	0	0	0	0	0	0	0	0	0	1	0	0	0	0	0	0	0	0	0	0	0	0	0	0	0	0	0	0	0	0	0	0	0	0	0	0	0	0	0	0	0	0	0	1	1	0	0	0	0																																																																																																																																																																																																									3496	3,18	3,19	
01-12-2017	3.4.8	IdeaReductionThesis 1	Participant05	Par05	Alert	Alert	SQ05_Rec 01	10-11-2017	1867724	1920 x 1080	SQ05	I-VT filter	http://127.0.0.1:32771/09.01.19/screen3.html (CRC)	2	2	1920	1080	457072	12:30:32.568	1510313545447635				42		Fixation	323	833	608	1,59	103,03	334,99																																																																																																																																																							0	0	0	0	0	0	0	0	0	0	1	0	0	0	0	0	0	0	0	0	0	0	0	0	0	0	0	0	0	0	0	0	0	0	0	0	0	0	0	0	0	0	0	0	0	1	0	0	0	0																																																																																																																																																																																																									3530	3,21	3,18	
01-12-2017	3.4.8	IdeaReductionThesis 1	Participant05	Par05	Alert	Alert	SQ05_Rec 01	10-11-2017	1867724	1920 x 1080	SQ05	I-VT filter	http://127.0.0.1:32771/09.01.19/screen3.html (CRC)	2	2	1920	1080	457448	12:30:32.945	1510313545824255				43		Fixation	227	425	630	11,09	183,10	80,07																																																																																																																																																							0	0	0	0	0	0	0	0	0	0	1	0	0	0	0	0	0	0	0	0	0	0	0	0	0	0	0	0	0	0	0	0	0	1	1	0	0	0	0	0	0	0	0	0	0	0	0	0	0	0																																																																																																																																																																																																									3643	3,21	3,20	
01-12-2017	3.4.8	IdeaReductionThesis 1	Participant05	Par05	Alert	Alert	SQ05_Rec 01	10-11-2017	1867724	1920 x 1080	SQ05	I-VT filter	http://127.0.0.1:32771/09.01.19/screen3.html (CRC)	2	2	1920	1080	457708	12:30:33.205	1510313546084218				44		Fixation	330	270	636	4,00	182,22	359,13																																																																																																																																																							0	0	0	0	0	0	0	0	0	0	1	0	0	0	0	0	0	0	0	0	0	0	0	0	0	0	0	0	0	0	0	0	0	1	1	0	0	0	0	0	0	0	0	0	0	0	0	0	0	0																																																																																																																																																																																																									3721	3,19	3,26	
01-12-2017	3.4.8	IdeaReductionThesis 1	Participant05	Par05	Alert	Alert	SQ05_Rec 01	10-11-2017	1867724	1920 x 1080	SQ05	I-VT filter	http://127.0.0.1:32771/09.01.19/screen3.html (CRC)	2	2	1920	1080	458062	12:30:33.558	1510313546437495				45		Fixation	270	349	637	2,02	359,27	177,05																																																																																																																																																							0	0	0	0	0	0	0	0	0	0	1	0	0	0	0	0	0	0	0	0	0	0	0	0	0	0	0	0	0	0	0	0	0	1	1	0	0	0	0	0	0	0	0	0	0	0	0	0	0	0																																																																																																																																																																																																									3827	3,24	3,29	
01-12-2017	3.4.8	IdeaReductionThesis 1	Participant05	Par05	Alert	Alert	SQ05_Rec 01	10-11-2017	1867724	1920 x 1080	SQ05	I-VT filter	http://127.0.0.1:32771/09.01.19/screen3.html (CRC)	2	2	1920	1080	458355	12:30:33.851	1510313546730777				46		Fixation	283	438	640	2,33	358,06	358,79																																																																																																																																																							0	0	0	0	0	0	0	0	0	0	1	0	0	0	0	0	0	0	0	0	0	0	0	0	0	0	0	0	0	0	0	0	0	1	1	0	0	0	0	0	0	0	0	0	0	0	0	0	0	0																																																																																																																																																																																																									3915	3,26	3,24	
01-12-2017	3.4.8	IdeaReductionThesis 1	Participant05	Par05	Alert	Alert	SQ05_Rec 01	10-11-2017	1867724	1920 x 1080	SQ05	I-VT filter	http://127.0.0.1:32771/09.01.19/screen3.html (CRC)	2	2	1920	1080	458668	12:30:34.164	1510313547044077				47		Fixation	207	556	637	3,15	1,46	3,40																																																																																																																																																							0	0	0	0	0	0	0	0	0	0	1	0	0	0	0	0	0	0	0	0	0	0	0	0	0	0	0	0	0	0	0	0	0	1	1	0	0	0	0	0	0	0	0	0	0	0	0	0	0	0																																																																																																																																																																																																									4009	3,20	3,20	
01-12-2017	3.4.8	IdeaReductionThesis 1	Participant05	Par05	Alert	Alert	SQ05_Rec 01	10-11-2017	1867724	1920 x 1080	SQ05	I-VT filter	http://127.0.0.1:32771/09.01.19/screen3.html (CRC)	2	2	1920	1080	458918	12:30:34.414	1510313547294035				48		Fixation	400	265	684	7,69	189,20	187,74																																																																																																																																																							0	0	0	0	0	0	0	0	0	0	1	0	0	0	0	0	0	0	0	0	0	0	0	0	0	0	0	0	0	0	0	0	0	1	1	0	0	0	0	0	0	0	0	0	0	0	0	0	0	0																																																																																																																																																																																																									4084	3,16	3,16	
01-12-2017	3.4.8	IdeaReductionThesis 1	Participant05	Par05	Alert	Alert	SQ05_Rec 01	10-11-2017	1867724	1920 x 1080	SQ05	I-VT filter	http://127.0.0.1:32771/09.01.19/screen3.html (CRC)	2	2	1920	1080	459345	12:30:34.841	1510313547720541				49		Fixation	263	259	776	2,40	266,28	77,08																																																																																																																																																							0	0	0	0	0	0	0	0	0	0	1	0	0	0	0	0	0	0	0	0	0	0	0	0	0	0	0	0	0	0	0	0	1	0	1	0	0	0	0	0	0	0	0	0	0	0	0	0	0	0																																																																																																																																																																																																									4212	3,16	3,14	
01-12-2017	3.4.8	IdeaReductionThesis 1	Participant05	Par05	Alert	Alert	SQ05_Rec 01	10-11-2017	1867724	1920 x 1080	SQ05	I-VT filter	http://127.0.0.1:32771/09.01.19/screen3.html (CRC)	2	2	1920	1080	459631	12:30:35.128	1510313548007155				50		Fixation	180	307	773	1,21	3,59	97,31																																																																																																																																																							0	0	0	0	0	0	0	0	0	0	1	0	0	0	0	0	0	0	0	0	0	0	0	0	0	0	0	0	0	0	0	0	1	0	1	0	0	0	0	0	0	0	0	0	0	0	0	0	0	0																																																																																																																																																																																																									4298	3,17	3,11	
01-12-2017	3.4.8	IdeaReductionThesis 1	Participant05	Par05	Alert	Alert	SQ05_Rec 01	10-11-2017	1867724	1920 x 1080	SQ05	I-VT filter	http://127.0.0.1:32771/09.01.19/screen3.html (CRC)	2	2	1920	1080	459841	12:30:35.338	1510313548217234				51		Fixation	290	423	766	2,99	3,46	359,88																																																																																																																																																							0	0	0	0	0	0	0	0	0	0	1	0	0	0	0	0	0	0	0	0	0	0	0	0	0	0	0	0	0	0	0	0	1	0	1	0	0	0	0	0	0	0	0	0	0	0	0	0	0	0																																																																																																																																																																																																									4361	3,16	3,07	
01-12-2017	3.4.8	IdeaReductionThesis 1	Participant05	Par05	Alert	Alert	SQ05_Rec 01	10-11-2017	1867724	1920 x 1080	SQ05	I-VT filter	http://127.0.0.1:32771/09.01.19/screen3.html (CRC)	2	2	1920	1080	460205	12:30:35.701	1510313548580402				52		Fixation	187	855	360	16,16	43,31	39,85																																																																																																																																																							0	0	0	0	0	0	0	0	0	0	1	0	0	0	0	1	0	0	0	0	0	0	0	1	0	0	0	0	0	0	0	0	0	0	0	0	0	0	0	0	0	0	0	0	0	0	0	0	0	0																																																																																																																																																																																																									4470	3,09	3,01	
01-12-2017	3.4.8	IdeaReductionThesis 1	Participant05	Par05	Alert	Alert	SQ05_Rec 01	10-11-2017	1867724	1920 x 1080	SQ05	I-VT filter	http://127.0.0.1:32771/09.01.19/screen3.html (CRC)	2	2	1920	1080	460421	12:30:35.918	1510313548797145				53		Fixation	100	885	286	2,24	68,00	24,68																																																																																																																																																							0	0	0	0	0	0	0	0	0	0	1	0	0	0	0	0	0	0	0	0	0	1	0	1	0	0	0	0	0	0	0	0	0	0	0	0	0	0	0	0	0	0	0	0	0	0	0	0	0	0																																																																																																																																																																																																									4535	3,06	2,99	
01-12-2017	3.4.8	IdeaReductionThesis 1	Participant05	Par05	Alert	Alert	SQ05_Rec 01	10-11-2017	1867724	1920 x 1080	SQ05	I-VT filter	http://127.0.0.1:32771/09.01.19/screen3.html (CRC)	2	2	1920	1080	460541	12:30:36.037	1510313548917125				54		Fixation	107	881	247	1,10	95,84	27,84																																																																																																																																																							0	0	0	0	0	0	0	0	0	0	1	0	0	0	0	0	0	0	0	0	0	1	0	1	0	0	0	0	0	0	0	0	0	0	0	0	0	0	0	0	0	0	0	0	0	0	0	0	0	0																																																																																																																																																																																																									4571	3,04	2,99	
01-12-2017	3.4.8	IdeaReductionThesis 1	Participant05	Par05	Alert	Alert	SQ05_Rec 01	10-11-2017	1867724	1920 x 1080	SQ05	I-VT filter	http://127.0.0.1:32771/09.01.19/screen3.html (CRC)	2	2	1920	1080	460678	12:30:36.174	1510313549053660				55		Fixation	160	904	331	2,44	285,27	189,43																																																																																																																																																							0	0	0	0	0	0	0	0	0	0	1	0	0	0	0	0	0	0	0	0	0	1	0	1	0	0	0	0	0	0	0	0	0	0	0	0	0	0	0	0	0	0	0	0	0	0	0	0	0	0																																																																																																																																																																																																									4612	3,05	3,00	
01-12-2017	3.4.8	IdeaReductionThesis 1	Participant05	Par05	Alert	Alert	SQ05_Rec 01	10-11-2017	1867724	1920 x 1080	SQ05	I-VT filter	http://127.0.0.1:32771/09.01.19/screen3.html (CRC)	2	2	1920	1080	460861	12:30:36.357	1510313549237088				56		Fixation	200	989	344	2,40	351,28	66,01																																																																																																																																																							0	0	0	0	0	0	0	0	0	0	1	0	0	0	0	0	0	0	0	0	0	1	0	1	0	0	0	0	0	0	0	0	0	0	0	0	0	0	0	0	0	0	0	0	0	0	0	0	0	0																																																																																																																																																																																																									4667	3,05	3,00	
01-12-2017	3.4.8	IdeaReductionThesis 1	Participant05	Par05	Alert	Alert	SQ05_Rec 01	10-11-2017	1867724	1920 x 1080	SQ05	I-VT filter	http://127.0.0.1:32771/09.01.19/screen3.html (CRC)	2	2	1920	1080	461088	12:30:36.584	1510313549463716				57		Fixation	237	1089	346	2,78	358,85	7,57																																																																																																																																																							0	0	0	0	0	0	0	0	0	0	1	0	0	0	0	0	0	0	0	0	0	1	0	1	0	0	0	0	0	0	0	0	0	0	0	0	0	0	0	0	0	0	0	0	0	0	0	0	0	0																																																																																																																																																																																																									4735	3,11	3,01	
01-12-2017	3.4.8	IdeaReductionThesis 1	Participant05	Par05	Alert	Alert	SQ05_Rec 01	10-11-2017	1867724	1920 x 1080	SQ05	I-VT filter	http://127.0.0.1:32771/09.01.19/screen3.html (CRC)	2	2	1920	1080	461341	12:30:36.837	1510313549717007				58		Fixation	213	1059	352	0,85	191,35	192,49																																																																																																																																																							0	0	0	0	0	0	0	0	0	0	1	0	0	0	0	0	0	0	0	0	0	1	0	1	0	0	0	0	0	0	0	0	0	0	0	0	0	0	0	0	0	0	0	0	0	0	0	0	0	0																																																																																																																																																																																																									4811	3,09	3,04	
01-12-2017	3.4.8	IdeaReductionThesis 1	Participant05	Par05	Alert	Alert	SQ05_Rec 01	10-11-2017	1867724	1920 x 1080	SQ05	I-VT filter	http://127.0.0.1:32771/09.01.19/screen3.html (CRC)	2	2	1920	1080	461578	12:30:37.074	1510313549953543				59		Fixation	243	1129	348	1,94	3,28	171,94																																																																																																																																																							0	0	0	0	0	0	0	0	0	0	1	0	0	0	0	0	0	0	0	0	0	1	0	1	0	0	0	0	0	0	0	0	0	0	0	0	0	0	0	0	0	0	0	0	0	0	0	0	0	0																																																																																																																																																																																																									4882	3,08	2,99	
01-12-2017	3.4.8	IdeaReductionThesis 1	Participant05	Par05	Alert	Alert	SQ05_Rec 01	10-11-2017	1867724	1920 x 1080	SQ05	I-VT filter	http://127.0.0.1:32771/09.01.19/screen3.html (CRC)	2	2	1920	1080	461848	12:30:37.344	1510313550223610				60		Fixation	330	1213	345	2,31	2,05	358,77																																																																																																																																																							0	0	0	0	0	0	0	0	0	0	1	0	0	0	0	0	0	0	0	0	0	1	0	1	0	0	0	0	0	0	0	0	0	0	0	0	0	0	0	0	0	0	0	0	0	0	0	0	0	0																																																																																																																																																																																																									4963	3,08	3,02	
01-12-2017	3.4.8	IdeaReductionThesis 1	Participant05	Par05	Alert	Alert	SQ05_Rec 01	10-11-2017	1867724	1920 x 1080	SQ05	I-VT filter	http://127.0.0.1:32771/09.01.19/screen3.html (CRC)	2	2	1920	1080	462204	12:30:37.701	1510313550580110				61		Fixation	107	1281	338	1,86	5,90	3,84																																																																																																																																																							0	0	0	0	0	0	0	0	0	0	1	0	0	0	0	0	0	0	0	0	0	1	0	1	0	0	0	0	0	0	0	0	0	0	0	0	0	0	0	0	0	0	0	0	0	0	0	0	0	0																																																																																																																																																																																																									5070	3,07	3,07	
01-12-2017	3.4.8	IdeaReductionThesis 1	Participant05	Par05	Alert	Alert	SQ05_Rec 01	10-11-2017	1867724	1920 x 1080	SQ05	I-VT filter	http://127.0.0.1:32771/09.01.19/screen3.html (CRC)	2	2	1920	1080	462358	12:30:37.854	1510313550733414				62		Fixation	233	1003	203	8,53	154,03	148,13																																																																																																																																																							0	0	0	0	0	0	0	0	0	0	1	0	0	0	0	0	0	0	0	0	0	0	1	1	0	0	0	0	0	0	0	0	0	0	0	0	0	0	0	0	0	0	0	0	0	0	0	0	0	0																																																																																																																																																																																																									5116	3,10	3,10	
01-12-2017	3.4.8	IdeaReductionThesis 1	Participant05	Par05	Alert	Alert	SQ05_Rec 01	10-11-2017	1867724	1920 x 1080	SQ05	I-VT filter	http://127.0.0.1:32771/09.01.19/screen3.html (CRC)	2	2	1920	1080	462624	12:30:38.120	1510313551000058				63		Fixation	1053	854	169	4,24	167,11	13,08																																																																																																																																																							0	0	0	0	0	0	0	0	0	0	1	0	0	0	0	0	0	0	0	0	0	0	1	1	0	0	0	0	0	0	0	0	0	0	0	0	0	0	0	0	0	0	0	0	0	0	0	0	0	0																																																																																																																																																																																																									5196	3,10	3,10	
01-12-2017	3.4.8	IdeaReductionThesis 1	Participant05	Par05	Alert	Alert	SQ05_Rec 01	10-11-2017	1867724	1920 x 1080	SQ05	I-VT filter	http://127.0.0.1:32771/09.01.19/screen3.html (CRC)	2	2	1920	1080	463744	12:30:39.240	1510313552119890				64		Fixation	140	220	580	20,33	213,04	45,93																																																																																																																																																							0	0	0	0	0	0	0	0	0	0	1	0	0	0	0	0	0	0	0	0	0	0	0	0	0	0	0	0	1	0	0	0	0	0	1	0	0	0	0	0	0	0	0	0	0	0	0	0	0	0																																																																																																																																																																																																									5532	3,15	3,24	
01-12-2017	3.4.8	IdeaReductionThesis 1	Participant05	Par05	Alert	Alert	SQ05_Rec 01	10-11-2017	1867724	1920 x 1080	SQ05	I-VT filter	http://127.0.0.1:32771/09.01.19/screen3.html (CRC)	2	2	1920	1080	463904	12:30:39.400	1510313552279873				65		Fixation	297	263	635	1,84	307,93	94,89																																																																																																																																																							0	0	0	0	0	0	0	0	0	0	1	0	0	0	0	0	0	0	0	0	0	0	0	0	0	0	0	0	0	0	0	0	0	1	1	0	0	0	0	0	0	0	0	0	0	0	0	0	0	0																																																																																																																																																																																																									5580	3,21	3,31	
01-12-2017	3.4.8	IdeaReductionThesis 1	Participant05	Par05	Alert	Alert	SQ05_Rec 01	10-11-2017	1867724	1920 x 1080	SQ05	I-VT filter	http://127.0.0.1:32771/09.01.19/screen3.html (CRC)	2	2	1920	1080	464224	12:30:39.720	1510313552599837				66		Fixation	243	345	638	2,11	357,90	49,97																																																																																																																																																							0	0	0	0	0	0	0	0	0	0	1	0	0	0	0	0	0	0	0	0	0	0	0	0	0	0	0	0	0	0	0	0	0	1	1	0	0	0	0	0	0	0	0	0	0	0	0	0	0	0																																																																																																																																																																																																									5676	3,26	3,31	
01-12-2017	3.4.8	IdeaReductionThesis 1	Participant05	Par05	Alert	Alert	SQ05_Rec 01	10-11-2017	1867724	1920 x 1080	SQ05	I-VT filter	http://127.0.0.1:32771/09.01.19/screen3.html (CRC)	2	2	1920	1080	464491	12:30:39.987	1510313552866448				67		Fixation	207	425	640	2,10	358,56	0,67																																																																																																																																																							0	0	0	0	0	0	0	0	0	0	1	0	0	0	0	0	0	0	0	0	0	0	0	0	0	0	0	0	0	0	0	0	0	1	1	0	0	0	0	0	0	0	0	0	0	0	0	0	0	0																																																																																																																																																																																																									5756	3,22	3,24	
01-12-2017	3.4.8	IdeaReductionThesis 1	Participant05	Par05	Alert	Alert	SQ05_Rec 01	10-11-2017	1867724	1920 x 1080	SQ05	I-VT filter	http://127.0.0.1:32771/09.01.19/screen3.html (CRC)	2	2	1920	1080	464731	12:30:40.227	1510313553106411				68		Fixation	247	573	638	3,97	0,78	2,21																																																																																																																																																							0	0	0	0	0	0	0	0	0	0	1	0	0	0	0	0	0	0	0	0	0	0	0	0	0	0	0	0	0	0	0	0	0	1	1	0	0	0	0	0	0	0	0	0	0	0	0	0	0	0																																																																																																																																																																																																									5828	3,16	3,14	
01-12-2017	3.4.8	IdeaReductionThesis 1	Participant05	Par05	Alert	Alert	SQ05_Rec 01	10-11-2017	1867724	1920 x 1080	SQ05	I-VT filter	http://127.0.0.1:32771/09.01.19/screen3.html (CRC)	2	2	1920	1080	465021	12:30:40.517	1510313553396492				69		Fixation	260	275	682	7,91	188,43	187,65																																																																																																																																																							0	0	0	0	0	0	0	0	0	0	1	0	0	0	0	0	0	0	0	0	0	0	0	0	0	0	0	0	0	0	0	0	0	1	1	0	0	0	0	0	0	0	0	0	0	0	0	0	0	0																																																																																																																																																																																																									5915	3,11	3,18	
01-12-2017	3.4.8	IdeaReductionThesis 1	Participant05	Par05	Alert	Alert	SQ05_Rec 01	10-11-2017	1867724	1920 x 1080	SQ05	I-VT filter	http://127.0.0.1:32771/09.01.19/screen3.html (CRC)	2	2	1920	1080	465311	12:30:40.807	1510313553686323				70		Fixation	220	253	769	2,32	255,85	67,43																																																																																																																																																							0	0	0	0	0	0	0	0	0	0	1	0	0	0	0	0	0	0	0	0	0	0	0	0	0	0	0	0	0	0	0	0	1	0	1	0	0	0	0	0	0	0	0	0	0	0	0	0	0	0																																																																																																																																																																																																									6002	3,11	3,14	
01-12-2017	3.4.8	IdeaReductionThesis 1	Participant05	Par05	Alert	Alert	SQ05_Rec 01	10-11-2017	1867724	1920 x 1080	SQ05	I-VT filter	http://127.0.0.1:32771/09.01.19/screen3.html (CRC)	2	2	1920	1080	465557	12:30:41.053	1510313553932974				71		Fixation	203	342	770	2,27	359,35	103,50																																																																																																																																																							0	0	0	0	0	0	0	0	0	0	1	0	0	0	0	0	0	0	0	0	0	0	0	0	0	0	0	0	0	0	0	0	1	0	1	0	0	0	0	0	0	0	0	0	0	0	0	0	0	0																																																																																																																																																																																																									6076	3,11	3,15	
01-12-2017	3.4.8	IdeaReductionThesis 1	Participant05	Par05	Alert	Alert	SQ05_Rec 01	10-11-2017	1867724	1920 x 1080	SQ05	I-VT filter	http://127.0.0.1:32771/09.01.19/screen3.html (CRC)	2	2	1920	1080	465787	12:30:41.284	1510313554163028				72		Fixation	247	456	772	2,98	358,99	359,64																																																																																																																																																							0	0	0	0	0	0	0	0	0	0	1	0	0	0	0	0	0	0	0	0	0	0	0	0	0	0	0	0	0	0	0	0	1	0	1	0	0	0	0	0	0	0	0	0	0	0	0	0	0	0																																																																																																																																																																																																									6145	3,12	3,11	
01-12-2017	3.4.8	IdeaReductionThesis 1	Participant05	Par05	Alert	Alert	SQ05_Rec 01	10-11-2017	1867724	1920 x 1080	SQ05	I-VT filter	http://127.0.0.1:32771/09.01.19/screen3.html (CRC)	2	2	1920	1080	466054	12:30:41.550	1510313554429678				73		Fixation	303	411	772	1,18	180,00	181,01																																																																																																																																																							0	0	0	0	0	0	0	0	0	0	1	0	0	0	0	0	0	0	0	0	0	0	0	0	0	0	0	0	0	0	0	0	1	0	1	0	0	0	0	0	0	0	0	0	0	0	0	0	0	0																																																																																																																																																																																																									6225	3,06	3,06	
01-12-2017	3.4.8	IdeaReductionThesis 1	Participant05	Par05	Alert	Alert	SQ05_Rec 01	10-11-2017	1867724	1920 x 1080	SQ05	I-VT filter	http://127.0.0.1:32771/09.01.19/screen3.html (CRC)	2	2	1920	1080	466381	12:30:41.877	1510313554756261				74		Fixation	210	486	774	1,98	358,47	178,47																																																																																																																																																							0	0	0	0	0	0	0	0	0	0	1	0	0	0	0	0	0	0	0	0	0	0	0	0	0	0	0	0	0	0	0	0	1	0	1	0	0	0	0	0	0	0	0	0	0	0	0	0	0	0																																																																																																																																																																																																									6323	3,05	3,05	
01-12-2017	3.4.8	IdeaReductionThesis 1	Participant05	Par05	Alert	Alert	SQ05_Rec 01	10-11-2017	1867724	1920 x 1080	SQ05	I-VT filter	http://127.0.0.1:32771/09.01.19/screen3.html (CRC)	2	2	1920	1080	466614	12:30:42.110	1510313554989586				75		Fixation	320	570	772	2,24	1,37	2,90																																																																																																																																																							0	0	0	0	0	0	0	0	0	0	1	0	0	0	0	0	0	0	0	0	0	0	0	0	0	0	0	0	0	0	0	0	1	0	1	0	0	0	0	0	0	0	0	0	0	0	0	0	0	0																																																																																																																																																																																																									6393	3,07	3,04	
01-12-2017	3.4.8	IdeaReductionThesis 1	Participant05	Par05	Alert	Alert	SQ05_Rec 01	10-11-2017	1867724	1920 x 1080	SQ05	I-VT filter	http://127.0.0.1:32771/09.01.19/screen3.html (CRC)	2	2	1920	1080	466961	12:30:42.457	1510313555336184				76		Fixation	83	643	767	1,98	3,93	2,56																																																																																																																																																							0	0	0	0	0	0	0	0	0	0	1	0	0	0	0	0	0	0	0	0	0	0	0	0	0	0	0	0	0	0	0	0	1	0	1	0	0	0	0	0	0	0	0	0	0	0	0	0	0	0																																																																																																																																																																																																									6497	3,03	3,01	
01-12-2017	3.4.8	IdeaReductionThesis 1	Participant05	Par05	Alert	Alert	SQ05_Rec 01	10-11-2017	1867724	1920 x 1080	SQ05	I-VT filter	http://127.0.0.1:32771/09.01.19/screen3.html (CRC)	2	2	1920	1080	467114	12:30:42.610	1510313555489493				77		Fixation	350	259	778	10,13	181,65	177,72																																																																																																																																																							0	0	0	0	0	0	0	0	0	0	1	0	0	0	0	0	0	0	0	0	0	0	0	0	0	0	0	0	0	0	0	0	1	0	1	0	0	0	0	0	0	0	0	0	0	0	0	0	0	0																																																																																																																																																																																																									6543	3,04	3,05	
01-12-2017	3.4.8	IdeaReductionThesis 1	Participant05	Par05	Alert	Alert	SQ05_Rec 01	10-11-2017	1867724	1920 x 1080	SQ05	I-VT filter	http://127.0.0.1:32771/09.01.19/screen3.html (CRC)	2	2	1920	1080	467490	12:30:42.987	1510313555865992				78		Fixation	233	358	782	2,57	357,68	176,03																																																																																																																																																							0	0	0	0	0	0	0	0	0	0	1	0	0	0	0	0	0	0	0	0	0	0	0	0	0	0	0	0	0	0	0	0	1	0	1	0	0	0	0	0	0	0	0	0	0	0	0	0	0	0																																																																																																																																																																																																									6656	3,06	3,01	
01-12-2017	3.4.8	IdeaReductionThesis 1	Participant05	Par05	Alert	Alert	SQ05_Rec 01	10-11-2017	1867724	1920 x 1080	SQ05	I-VT filter	http://127.0.0.1:32771/09.01.19/screen3.html (CRC)	2	2	1920	1080	467744	12:30:43.240	1510313556119304				79		Fixation	127	406	778	1,28	4,78	7,10																																																																																																																																																							0	0	0	0	0	0	0	0	0	0	1	0	0	0	0	0	0	0	0	0	0	0	0	0	0	0	0	0	0	0	0	0	1	0	1	0	0	0	0	0	0	0	0	0	0	0	0	0	0	0																																																																																																																																																																																																									6732	3,00	2,98	
01-12-2017	3.4.8	IdeaReductionThesis 1	Participant05	Par05	Alert	Alert	SQ05_Rec 01	10-11-2017	1867724	1920 x 1080	SQ05	I-VT filter	http://127.0.0.1:32771/09.01.19/screen3.html (CRC)	2	2	1920	1080	467894	12:30:43.390	1510313556269386				80		Fixation	350	486	781	2,17	357,85	353,07																																																																																																																																																							0	0	0	0	0	0	0	0	0	0	1	0	0	0	0	0	0	0	0	0	0	0	0	0	0	0	0	0	0	0	0	0	1	0	1	0	0	0	0	0	0	0	0	0	0	0	0	0	0	0																																																																																																																																																																																																									6777	3,00	2,98	
01-12-2017	3.4.8	IdeaReductionThesis 1	Participant05	Par05	Alert	Alert	SQ05_Rec 01	10-11-2017	1867724	1920 x 1080	SQ05	I-VT filter	http://127.0.0.1:32771/09.01.19/screen3.html (CRC)	2	2	1920	1080	468467	12:30:43.963	1510313556842628				81		Fixation	133	607	795	3,35	353,38	355,53																																																																																																																																																							0	0	0	0	0	0	0	0	0	0	1	0	0	0	0	0	0	0	0	0	0	0	0	0	0	0	0	0	0	0	0	0	1	0	1	0	0	0	0	0	0	0	0	0	0	0	0	0	0	0																																																																																																																																																																																																									6949	3,16	3,05	
01-12-2017	3.4.8	IdeaReductionThesis 1	Participant05	Par05	Alert	Alert	SQ05_Rec 01	10-11-2017	1867724	1920 x 1080	SQ05	I-VT filter	http://127.0.0.1:32771/09.01.19/screen3.html (CRC)	2	2	1920	1080	468627	12:30:44.123	1510313557002611				82		Fixation	250	682	787	2,08	6,11	12,73																																																																																																																																																							0	0	0	0	0	0	0	0	0	0	1	0	0	0	0	0	0	0	0	0	0	0	0	0	0	0	0	0	0	0	0	0	1	0	1	0	0	0	0	0	0	0	0	0	0	0	0	0	0	0																																																																																																																																																																																																									6997	3,13	3,09	
01-12-2017	3.4.8	IdeaReductionThesis 1	Participant05	Par05	Alert	Alert	SQ05_Rec 01	10-11-2017	1867724	1920 x 1080	SQ05	I-VT filter	http://127.0.0.1:32771/09.01.19/screen3.html (CRC)	2	2	1920	1080	468927	12:30:44.423	1510313557302561				83		Fixation	503	282	807	10,78	182,87	176,76																																																																																																																																																							0	0	0	0	0	0	0	0	0	0	1	0	0	0	0	0	0	0	0	0	0	0	0	0	0	0	0	0	0	0	0	0	1	0	1	0	0	0	0	0	0	0	0	0	0	0	0	0	0	0																																																																																																																																																																																																									7087	3,11	3,08	
01-12-2017	3.4.8	IdeaReductionThesis 1	Participant05	Par05	Alert	Alert	SQ05_Rec 01	10-11-2017	1867724	1920 x 1080	SQ05	I-VT filter	http://127.0.0.1:32771/09.01.19/screen3.html (CRC)	2	2	1920	1080	469457	12:30:44.953	1510313557832381				84		Fixation	287	387	807	2,74	0,00	177,13																																																																																																																																																							0	0	0	0	0	0	0	0	0	0	1	0	0	0	0	0	0	0	0	0	0	0	0	0	0	0	0	0	0	0	0	0	1	0	1	0	0	0	0	0	0	0	0	0	0	0	0	0	0	0																																																																																																																																																																																																									7246	3,13	3,06	
01-12-2017	3.4.8	IdeaReductionThesis 1	Participant05	Par05	Alert	Alert	SQ05_Rec 01	10-11-2017	1867724	1920 x 1080	SQ05	I-VT filter	http://127.0.0.1:32771/09.01.19/screen3.html (CRC)	2	2	1920	1080	469774	12:30:45.270	1510313558149109				85		Fixation	197	488	809	2,68	358,86	358,86																																																																																																																																																							0	0	0	0	0	0	0	0	0	0	1	0	0	0	0	0	0	0	0	0	0	0	0	0	0	0	0	0	0	0	0	0	1	0	1	0	0	0	0	0	0	0	0	0	0	0	0	0	0	0																																																																																																																																																																																																									7341	3,08	3,05	
01-12-2017	3.4.8	IdeaReductionThesis 1	Participant05	Par05	Alert	Alert	SQ05_Rec 01	10-11-2017	1867724	1920 x 1080	SQ05	I-VT filter	http://127.0.0.1:32771/09.01.19/screen3.html (CRC)	2	2	1920	1080	469990	12:30:45.486	1510313558365629				86		Fixation	267	538	808	1,34	1,15	2,29																																																																																																																																																							0	0	0	0	0	0	0	0	0	0	1	0	0	0	0	0	0	0	0	0	0	0	0	0	0	0	0	0	0	0	0	0	1	0	1	0	0	0	0	0	0	0	0	0	0	0	0	0	0	0																																																																																																																																																																																																									7406	3,12	3,05	
01-12-2017	3.4.8	IdeaReductionThesis 1	Participant05	Par05	Alert	Alert	SQ05_Rec 01	10-11-2017	1867724	1920 x 1080	SQ05	I-VT filter	http://127.0.0.1:32771/09.01.19/screen3.html (CRC)	2	2	1920	1080	470280	12:30:45.776	1510313558655698				87		Fixation	210	596	806	1,57	1,98	0,83																																																																																																																																																							0	0	0	0	0	0	0	0	0	0	1	0	0	0	0	0	0	0	0	0	0	0	0	0	0	0	0	0	0	0	0	0	1	0	1	0	0	0	0	0	0	0	0	0	0	0	0	0	0	0																																																																																																																																																																																																									7493	3,11	3,08	
01-12-2017	3.4.8	IdeaReductionThesis 1	Participant05	Par05	Alert	Alert	SQ05_Rec 01	10-11-2017	1867724	1920 x 1080	SQ05	I-VT filter	http://127.0.0.1:32771/09.01.19/screen3.html (CRC)	2	2	1920	1080	470513	12:30:46.010	1510313558888978				88		Fixation	167	650	807	1,48	358,94	356,95																																																																																																																																																							0	0	0	0	0	0	0	0	0	0	1	0	0	0	0	0	0	0	0	0	0	0	0	0	0	0	0	0	0	0	0	0	1	0	1	0	0	0	0	0	0	0	0	0	0	0	0	0	0	0																																																																																																																																																																																																									7563	3,11	3,08	
01-12-2017	3.4.8	IdeaReductionThesis 1	Participant05	Par05	Alert	Alert	SQ05_Rec 01	10-11-2017	1867724	1920 x 1080	SQ05	I-VT filter	http://127.0.0.1:32771/09.01.19/screen3.html (CRC)	2	2	1920	1080	470727	12:30:46.223	1510313559102289				89		Fixation	173	274	841	10,01	185,18	186,25																																																																																																																																																							0	0	0	0	0	0	0	0	0	0	1	0	0	0	0	0	0	0	0	0	0	0	0	0	0	0	0	0	0	0	0	0	1	0	1	0	0	0	0	0	0	0	0	0	0	0	0	0	0	0																																																																																																																																																																																																									7627	3,13	3,11	
01-12-2017	3.4.8	IdeaReductionThesis 1	Participant05	Par05	Alert	Alert	SQ05_Rec 01	10-11-2017	1867724	1920 x 1080	SQ05	I-VT filter	http://127.0.0.1:32771/09.01.19/screen3.html (CRC)	2	2	1920	1080	470910	12:30:46.406	1510313559285484				90		Fixation	370	245	837	0,75	172,12	346,94																																																																																																																																																							0	0	0	0	0	0	0	0	0	0	1	0	0	0	0	0	0	0	0	0	0	0	0	0	0	0	0	0	0	0	0	0	1	0	1	0	0	0	0	0	0	0	0	0	0	0	0	0	0	0																																																																																																																																																																																																									7682	3,12	3,12	
01-12-2017	3.4.8	IdeaReductionThesis 1	Participant05	Par05	Alert	Alert	SQ05_Rec 01	10-11-2017	1867724	1920 x 1080	SQ05	I-VT filter	http://127.0.0.1:32771/09.01.19/screen3.html (CRC)	2	2	1920	1080	471303	12:30:46.799	1510313559678777				91		Fixation	303	320	828	1,92	6,86	194,74																																																																																																																																																							0	0	0	0	0	0	0	0	0	0	1	0	0	0	0	0	0	0	0	0	0	0	0	0	0	0	0	0	0	0	0	0	1	0	1	0	0	0	0	0	0	0	0	0	0	0	0	0	0	0																																																																																																																																																																																																									7800	3,10	3,07	
01-12-2017	3.4.8	IdeaReductionThesis 1	Participant05	Par05	Alert	Alert	SQ05_Rec 01	10-11-2017	1867724	1920 x 1080	SQ05	I-VT filter	http://127.0.0.1:32771/09.01.19/screen3.html (CRC)	2	2	1920	1080	471630	12:30:47.126	1510313560005399				92		Fixation	413	408	820	2,30	5,21	358,35																																																																																																																																																							0	0	0	0	0	0	0	0	0	0	1	0	0	0	0	0	0	0	0	0	0	0	0	0	0	0	0	0	0	0	0	0	1	0	1	0	0	0	0	0	0	0	0	0	0	0	0	0	0	0																																																																																																																																																																																																									7898	3,11	3,03	
01-12-2017	3.4.8	IdeaReductionThesis 1	Participant05	Par05	Alert	Alert	SQ05_Rec 01	10-11-2017	1867724	1920 x 1080	SQ05	I-VT filter	http://127.0.0.1:32771/09.01.19/screen3.html (CRC)	2	2	1920	1080	472063	12:30:47.559	1510313560438703				93		Fixation	177	348	824	1,58	183,83	178,62																																																																																																																																																							0	0	0	0	0	0	0	0	0	0	1	0	0	0	0	0	0	0	0	0	0	0	0	0	0	0	0	0	0	0	0	0	1	0	1	0	0	0	0	0	0	0	0	0	0	0	0	0	0	0																																																																																																																																																																																																									8028	3,15	3,08	
01-12-2017	3.4.8	IdeaReductionThesis 1	Participant05	Par05	Alert	Alert	SQ05_Rec 01	10-11-2017	1867724	1920 x 1080	SQ05	I-VT filter	http://127.0.0.1:32771/09.01.19/screen3.html (CRC)	2	2	1920	1080	472273	12:30:47.769	1510313560648739				94		Fixation	207	503	816	4,12	2,96	179,14																																																																																																																																																							0	0	0	0	0	0	0	0	0	0	1	0	0	0	0	0	0	0	0	0	0	0	0	0	0	0	0	0	0	0	0	0	1	0	1	0	0	0	0	0	0	0	0	0	0	0	0	0	0	0																																																																																																																																																																																																									8091	3,12	2,98	
01-12-2017	3.4.8	IdeaReductionThesis 1	Participant05	Par05	Alert	Alert	SQ05_Rec 01	10-11-2017	1867724	1920 x 1080	SQ05	I-VT filter	http://127.0.0.1:32771/09.01.19/screen3.html (CRC)	2	2	1920	1080	472500	12:30:47.996	1510313560875367				95		Fixation	163	544	815	1,11	1,40	358,44																																																																																																																																																							0	0	0	0	0	0	0	0	0	0	1	0	0	0	0	0	0	0	0	0	0	0	0	0	0	0	0	0	0	0	0	0	1	0	1	0	0	0	0	0	0	0	0	0	0	0	0	0	0	0																																																																																																																																																																																																									8159	3,13	3,01	
01-12-2017	3.4.8	IdeaReductionThesis 1	Participant05	Par05	Alert	Alert	SQ05_Rec 01	10-11-2017	1867724	1920 x 1080	SQ05	I-VT filter	http://127.0.0.1:32771/09.01.19/screen3.html (CRC)	2	2	1920	1080	472680	12:30:48.176	1510313561055340				96		Fixation	260	514	821	0,82	191,35	189,94																																																																																																																																																							0	0	0	0	0	0	0	0	0	0	1	0	0	0	0	0	0	0	0	0	0	0	0	0	0	0	0	0	0	0	0	0	1	0	1	0	0	0	0	0	0	0	0	0	0	0	0	0	0	0																																																																																																																																																																																																									8213	3,16	3,06	
01-12-2017	3.4.8	IdeaReductionThesis 1	Participant05	Par05	Alert	Alert	SQ05_Rec 01	10-11-2017	1867724	1920 x 1080	SQ05	I-VT filter	http://127.0.0.1:32771/09.01.19/screen3.html (CRC)	2	2	1920	1080	472973	12:30:48.469	1510313561348630				97		Fixation	243	603	813	2,42	5,15	173,81																																																																																																																																																							0	0	0	0	0	0	0	0	0	0	1	0	0	0	0	0	0	0	0	0	0	0	0	0	0	0	0	0	0	0	0	0	1	0	1	0	0	0	0	0	0	0	0	0	0	0	0	0	0	0																																																																																																																																																																																																									8301	3,17	3,02	
01-12-2017	3.4.8	IdeaReductionThesis 1	Participant05	Par05	Alert	Alert	SQ05_Rec 01	10-11-2017	1867724	1920 x 1080	SQ05	I-VT filter	http://127.0.0.1:32771/09.01.19/screen3.html (CRC)	2	2	1920	1080	473233	12:30:48.729	1510313561608594				98		Fixation	130	642	813	1,06	0,00	354,85																																																																																																																																																							0	0	0	0	0	0	0	0	0	0	1	0	0	0	0	0	0	0	0	0	0	0	0	0	0	0	0	0	0	0	0	0	1	0	1	0	0	0	0	0	0	0	0	0	0	0	0	0	0	0																																																																																																																																																																																																									8379	3,16	3,03	
01-12-2017	3.4.8	IdeaReductionThesis 1	Participant05	Par05	Alert	Alert	SQ05_Rec 01	10-11-2017	1867724	1920 x 1080	SQ05	I-VT filter	http://127.0.0.1:32771/09.01.19/screen3.html (CRC)	2	2	1920	1080	473416	12:30:48.912	1510313561791809				99		Fixation	210	319	643	9,96	152,17	152,17																																																																																																																																																							0	0	0	0	0	0	0	0	0	0	1	0	0	0	0	0	0	0	0	0	0	0	0	0	0	0	0	0	0	0	0	0	0	1	1	0	0	0	0	0	0	0	0	0	0	0	0	0	0	0																																																																																																																																																																																																									8434	3,07	3,02	
01-12-2017	3.4.8	IdeaReductionThesis 1	Participant05	Par05	Alert	Alert	SQ05_Rec 01	10-11-2017	1867724	1920 x 1080	SQ05	I-VT filter	http://127.0.0.1:32771/09.01.19/screen3.html (CRC)	2	2	1920	1080	473650	12:30:49.146	1510313562025099				100		Fixation	220	244	648	1,96	183,83	31,66																																																																																																																																																							0	0	0	0	0	0	0	0	0	0	1	0	0	0	0	0	0	0	0	0	0	0	0	0	0	0	0	0	0	0	0	0	0	1	1	0	0	0	0	0	0	0	0	0	0	0	0	0	0	0																																																																																																																																																																																																									8504	3,04	3,01	
01-12-2017	3.4.8	IdeaReductionThesis 1	Participant05	Par05	Alert	Alert	SQ05_Rec 01	10-11-2017	1867724	1920 x 1080	SQ05	I-VT filter	http://127.0.0.1:32771/09.01.19/screen3.html (CRC)	2	2	1920	1080	475070	12:30:50.566	1510313563444958				101		Fixation	230	1098	711	23,17	355,77	171,94																																																																																																																																																							0	0	0	0	0	0	0	0	0	0	1	0	0	0	0	0	0	0	0	0	0	0	0	0	0	0	0	0	0	0	0	0	0	0	0	0	0	0	0	0	0	0	0	0	0	1	0	0	0	0																																																																																																																																																																																																									8930	3,80	3,57	
